time,episodes,avg_length,avg_reward,avg_cost,avg_res_wasted
3345.6453387737274,3000,114.691,54.83269421802461,526833.434074167,1190.4311188664035
