time,episodes,avg_length,avg_reward,avg_cost,avg_res_wasted
4269.614368200302,3000,146.39633333333333,78.58645869908233,521770.29514260596,1168.9853724769468
