avg_reward,avg_length,avg_cost,avg_res_wasted,time,total_steps,episodes
134.0146844656974,422.9874,536280.3628609631,3334.9460467461863,36569.121193647385,2115937,5000
