Episode,Accumulative Reward,Length,Avg Cost,Avg Renewables Wasted
1,1231.3057345151901,1712,495031.19453271007,0.0
2,535.6817973852158,712,442185.1901404495,551.1711113747587
