time,episodes,avg_length,avg_reward,avg_cost,avg_res_waste
112.73569989204407,2,1212.0,883.4937659502029,468608.1923365798,275.5855556873793
