episode,acc_reward,length,cost,res_wasted
1,201.0818259716034,604,330478.86440397345,0.0
