time,episodes,avg_length,avg_reward,avg_cost,avg_res_wasted
22.46568727493286,1,604.0,201.0818259716034,330478.86440397345,0.0
