episode,acc_reward,length,cost,res_wasted
1,257.5153797417879,782,326804.99455242953,0.0
