time,episodes,avg_length,avg_reward,avg_cost,avg_res_wasted
32.34056854248047,1,782.0,257.5153797417879,326804.99455242953,0.0
