avg_reward,avg_length,avg_cost,avg_res_wasted,time,total_steps,episodes
186.62362277517022,517.6986,534937.7386584551,3205.15164339877,44193.81698346138,2589493,5000
