episode,acc_reward,length,cost,res_wasted
1,274.6655504703522,786,318401.1189312979,0.0
