time,episodes,avg_length,avg_reward,avg_cost,avg_res_wasted
40.71148157119751,1,786.0,274.6655504703522,318401.1189312979,0.0
