Episode,Accumulative Reward,Length,Avg Cost,Avg Renewables Wasted
1,1127.1979472637177,1712,483946.8457710291,0.0
2,545.6632830500603,727,459001.05348005536,816.4331147037806
