time,episodes,avg_length,avg_reward,avg_cost,avg_res_waste
102.85575890541077,2,1219.5,836.430615156889,471473.9496255423,408.2165573518903
