avg_reward,avg_length,avg_cost,avg_res_wasted,time,episodes,total_steps
177.1885146750233,436.86314285714286,548134.2098882921,2966.7536122262804,30503.904601335526,7000,3059042
