time,episodes,avg_length,avg_reward,avg_cost,avg_res_wasted
32723.959055662155,3000,283.225,115.01889237618447,540489.8674321709,2873.965659771252
