time,episodes,avg_length,avg_reward,avg_cost,avg_res_wasted
9072.803230285645,3000,346.236,98.49272313544154,558875.8543626571,2825.3741484904476
