time,episodes,avg_length,avg_reward,avg_cost,avg_res_wasted
11498.485694408417,3000,446.749,115.58916370759408,567755.3267450869,3188.051610791811
