time,episodes,avg_length,avg_reward,avg_cost,avg_res_wasted
9310.142619371414,3000,252.642,91.67729392187297,549823.0403794525,4563.300781636234
