avg_reward,avg_length,avg_cost,avg_res_wasted,time,total_steps,episodes
393.6732580950737,901.5792,560495.3668878214,3497.7236164797137,171926.20271873474,9016792,10000
