avg_reward,avg_length,avg_cost,avg_res_wasted,time,episodes,total_steps
393.6732580950737,901.5792,560495.3668878214,3497.7236164797137,70047.41703653336,10000,9016792
