avg_reward,avg_length,avg_cost,avg_res_wasted,time,episodes,total_steps
171.55903908385125,432.18728571428574,538499.8394803205,0.0,29971.24108839035,7000,3026311
