avg_reward,avg_length,avg_cost,avg_res_wasted,time,total_steps,episodes
145.19626053176225,351.2761,534586.774468293,0.0,92040.44863462448,3513761,10000
