Time Elapsed,Num Steps,Num Episodes,Avg Steps per Episode
18.508999586105347,1000,17,57.11764705882353
