time,episodes,avg_length,avg_reward,avg_cost,avg_res_wasted
13436.96146273613,3000,367.77433333333335,109.78862798848252,563845.8906139422,6302.753323697309
