time,episodes,avg_length,avg_reward,avg_cost,avg_res_wasted
4462.8264763355255,3000,164.73033333333333,57.85258798308174,526427.4758246716,1339.5075366358942
