time,episodes,avg_length,avg_reward,avg_cost,avg_res_wasted
7228.220363140106,3000,277.45,102.7853403090636,539479.8997448373,2660.353634688324
