time,episodes,avg_length,avg_reward,avg_cost,avg_res_wasted
4328.43400478363,3000,159.534,65.5234298820446,524114.9223598318,1697.2369415417743
