time,episodes,avg_length,avg_reward,avg_cost,avg_res_wasted
11658.600287437439,3000,473.55333333333334,137.83763511752585,547461.7859155645,3308.531795141239
