avg_reward,avg_length,avg_cost,avg_res_wasted,time,episodes,total_steps
65.58196734098792,223.7233,2625560.894721247,1344.290437574059,30826.59055161476,10000,2238233
