avg_reward,avg_length,avg_cost,avg_res_wasted,time,total_steps,episodes
68.60129388898909,237.0343,2602086.684701963,1323.1779103977362,49207.610632419586,2371343,10000
