time,episodes,avg_length,avg_reward,avg_cost,avg_res_wasted
20961.345183610916,5000,515.8828,137.42136448493005,531048.3199551838,3004.9069368190667
