avg_reward,avg_length,avg_cost,avg_res_wasted,time,episodes,total_steps
154.01049783797137,323.36485714285715,570628.799929782,14497.198624310799,22615.875056266785,7000,2264554
