avg_reward,avg_length,avg_cost,avg_res_wasted,time,total_steps,episodes
141.7117600923635,306.2129,555135.6015272294,12307.790919079103,52706.54854917526,3063129,10000
