time,episodes,avg_length,avg_reward,avg_cost,avg_res_wasted
13711.986608505249,3000,558.647,372.122959927241,541599.5612965688,2911.857332771623
