time,episodes,avg_length,avg_reward,avg_cost,avg_res_wasted
27186.355748176575,5000,703.9124,292.91546173230705,547185.8202661676,2862.971336844374
