time,episodes,avg_length,avg_reward,avg_cost,avg_res_wasted
18302.23914194107,5000,448.5276,123.21600311731696,532898.943610174,2697.6184638577897
