time,episodes,avg_length,avg_reward,avg_cost,avg_res_wasted
44253.57874083519,5000,328.6756,88.17111719041169,523224.10203774186,0.0
