avg_reward,avg_length,avg_cost,avg_res_wasted,time,total_steps,episodes
171.97126239040495,426.4902,539726.6688897293,3210.830355786124,88428.32980823517,2133451,5000
