time,episodes,avg_length,avg_reward,avg_cost,avg_res_wasted
10146.4758746624,3000,275.231,82.26225700606902,563633.3832098888,6652.393567577307
