episode,acc_reward,length,cost,res_wasted
1,105.26497033238411,216,228819.98777777771,0.0
