time,episodes,avg_length,avg_reward,avg_cost,avg_res_wasted
15.560572385787964,1,216.0,105.26497033238411,228819.98777777771,0.0
