time,episodes,avg_length,avg_reward,avg_cost,avg_res_wasted
10557.505281686783,3000,410.5226666666667,122.73629291947186,550059.0536681017,3043.8034342983838
