episode,acc_reward,length,cost,res_wasted
1,258.0768099427223,782,322759.4980306905,0.0
