time,episodes,avg_length,avg_reward,avg_cost,avg_res_wasted
39.535868883132935,1,782.0,258.0768099427223,322759.4980306905,0.0
