Time Elapsed,Num Steps,Num Episodes,Avg Steps per Episode
21652.072561979294,1338533,1500,892.3553333333333
