time,episodes,avg_length,avg_reward,avg_cost,avg_res_wasted
11647.259802818298,10000,127.8141,61.105242952686545,538171.6784189903,2467.667090180915
