time,episodes,avg_length,avg_reward,avg_cost,avg_res_wasted
14628.281417131424,10000,164.5726,68.98686679431498,531769.5041515254,2095.270778109429
