Episode,Accumulative Reward,Length,Avg Cost,Avg Renewables Wasted
1,93.33996224403381,127,437931.5118110236,0.0
2,62.33171188831329,83,406751.2031325299,0.0
