Episode,Accumulative Reward,Length,Avg Cost,Avg Renewables Wasted
1,93.33996194601059,127,437931.514015748,0.0
2,62.331498086452484,83,406755.7898795181,0.0
