time,episodes,avg_length,avg_reward,avg_cost,avg_res_waste
20.370100021362305,2,105.0,77.83573001623154,422343.651947633,0.0
