time,episodes,avg_length,avg_reward,avg_cost,avg_res_waste
14.0714271068573,2,105.0,77.83583706617355,422341.3574717768,0.0
