time,episodes,avg_length,avg_reward,avg_cost,avg_res_wasted
4429.720483779907,3000,147.39666666666668,63.19694456292689,532923.1085002543,1209.677872982254
