episode,acc_reward,length,cost,res_wasted
1,247.4291628599167,793,339942.8358133669,0.0
