time,episodes,avg_length,avg_reward,avg_cost,avg_res_wasted
23.758522272109985,1,793.0,247.4291628599167,339942.8358133669,0.0
