Time Elapsed,Num Steps,Num Episodes,Avg Steps per Episode
9627.532018899918,176553,750,234.07066666666665
