episode,acc_reward,length,cost,res_wasted
1,271.1839621812105,782,318422.39971867023,0.0
