time,episodes,avg_length,avg_reward,avg_cost,avg_res_wasted
26.50666570663452,1,782.0,271.1839621812105,318422.39971867023,0.0
