time,episodes,avg_length,avg_reward,avg_cost,avg_res_wasted
8677.891152620316,10000,51.2689,28.815566821211576,573147.7381893193,6328.838358869576
