Episode,Accumulative Reward,Length,Avg Cost,Avg Renewables Wasted
1,93.30314069986343,127,449047.1713385827,0.0
2,85.2500519156456,110,373139.5658181818,0.0
