Episode,Accumulative Reward,Length,Avg Cost,Avg Renewables Wasted
1,931.4649965167046,1280,470233.8580625,0.0
2,55.85405868291855,75,413936.7125333333,0.0
