time,episodes,avg_length,avg_reward,avg_cost,avg_res_waste
9.836143732070923,2,118.5,89.27659630775452,411093.36857838224,0.0
