time,episodes,avg_length,avg_reward,avg_cost,avg_res_waste
49.37377905845642,2,677.5,493.65952759981155,442085.2852979166,0.0
