episode,acc_reward,length,cost,res_wasted
1,263.6416236758232,786,323135.1757251909,0.0
