time,episodes,avg_length,avg_reward,avg_cost,avg_res_wasted
29.8838894367218,1,786.0,263.6416236758232,323135.1757251909,0.0
