time,episodes,avg_length,avg_reward,avg_cost,avg_res_wasted
4638.501258850098,3000,153.466,74.64765731131534,518779.28360926756,1368.153977855542
