time,episodes,avg_length,avg_reward,avg_cost,avg_res_wasted
11212.454615592957,3000,458.14666666666665,114.595147570014,530923.4618200131,2826.901042766849
