episode,acc_reward,length,cost,res_wasted
1,105.72987906634808,318,324335.27924528316,0.0
