time,episodes,avg_length,avg_reward,avg_cost,avg_res_wasted
20.696254014968872,1,318.0,105.72987906634808,324335.27924528316,0.0
