episode,acc_reward,length,cost,res_wasted
1,268.49184623360634,782,317765.92040920706,0.0
