time,episodes,avg_length,avg_reward,avg_cost,avg_res_wasted
39.911712646484375,1,782.0,268.49184623360634,317765.92040920706,0.0
