time,episodes,avg_length,avg_reward,avg_cost,avg_res_wasted
4007.919963121414,3000,134.119,66.79426347800096,536774.1170913642,1250.2681808607988
