time,episodes,avg_length,avg_reward,avg_cost,avg_res_wasted
8851.845886707306,3000,338.96166666666664,100.81766597064336,543381.022223655,2775.569305579083
