Episode,Accumulative Reward,Length,Avg Cost,Avg Renewables Wasted
1,716.2632863521576,955,465357.992460733,0.0
2,54.14970201253891,72,414288.4027777775,0.0
