time,episodes,avg_length,avg_reward,avg_cost,avg_res_waste
79.85919952392578,2,513.5,385.20649418234825,439823.1976192553,0.0
