episode,acc_reward,length,cost,res_wasted
1,257.4411846846342,782,331340.50759590795,0.0
