time,episodes,avg_length,avg_reward,avg_cost,avg_res_wasted
37.69663381576538,1,782.0,257.4411846846342,331340.50759590795,0.0
