time,episodes,avg_length,avg_reward,avg_cost,avg_res_wasted
38654.7246735096,10000,453.8036,113.80873243882657,550881.7288726524,4822.440694841439
