avg_reward,avg_length,avg_cost,avg_res_wasted,time,episodes,total_steps
154.36084590132003,389.96128571428574,549355.5135106723,2582.410727120526,27294.031980276108,7000,2730729
