time,episodes,avg_length,avg_reward,avg_cost,avg_res_wasted
10291.566787958145,3000,396.44033333333334,137.71544319111607,550206.9207630471,3321.5300590376514
