episode,acc_reward,length,cost,res_wasted
1,48.133615255355835,66,435784.6236363636,0.0
