time,episodes,avg_length,avg_reward,avg_cost,avg_res_wasted
4.907186031341553,1,66.0,48.133615255355835,435784.6236363636,0.0
