avg_reward,avg_length,avg_cost,avg_res_wasted,time,total_steps,episodes
113.0155643162176,249.4582,535847.8064621493,2588.0652857002333,45075.595130205154,2495582,10000
