avg_reward,avg_length,avg_cost,avg_res_wasted,time,episodes,total_steps
113.90575401606262,240.2344,542034.9969315354,2980.839535045538,24664.148664951324,10000,2403344
