time,episodes,avg_length,avg_reward,avg_cost,avg_res_wasted
9277.840522527695,5000,207.089,106.31550590447783,529015.9744736381,0.0
