episode,acc_reward,length,cost,res_wasted
1,273.6789636462927,793,317594.5036065574,0.0
