time,episodes,avg_length,avg_reward,avg_cost,avg_res_wasted
28.072509765625,1,793.0,273.6789636462927,317594.5036065574,0.0
