Episode,Accumulative Reward,Length,Avg Cost,Avg Renewables Wasted
1,-1.0,1,478482.76,0.0
2,24.006317675113678,35,475335.7782857143,4488.153905378069
3,16.900040864944458,26,506014.36615384626,5828.734393193172
