Time Elapsed,Num Steps,Num Episodes,Avg Steps per Episode
20.75293755531311,1062,3,20.666666666666668
