episode,acc_reward,length,cost,res_wasted
1,158.02802784740925,554,351039.6530685922,0.0
