time,episodes,avg_length,avg_reward,avg_cost,avg_res_waste
24.50194764137268,1,554.0,158.02802784740925,351039.6530685922,0.0
