time,episodes,avg_length,avg_reward,avg_cost,avg_res_waste
32.60986924171448,1,782.0,265.593754068017,311320.27616368263,0.0
