Time Elapsed,Num Steps,Num Episodes,Avg Steps per Episode
7280.585877656937,269067,750,357.42266666666666
