time,episodes,avg_length,avg_reward,avg_cost,avg_res_wasted
11216.073013544083,3000,458.849,119.56610085994998,544476.9541442236,3142.013959513773
