time,episodes,avg_length,avg_reward,avg_cost,avg_res_wasted
13807.978807926178,5000,312.3452,109.4858536319852,535119.034738939,2629.6186945017116
