time,episodes,avg_length,avg_reward,avg_cost,avg_res_wasted
66152.65314626694,3000,442.422,270.54754241365197,532037.0890221245,2928.366407070058
