Time Elapsed,Num Steps,Num Episodes,Avg Steps per Episode
22141.353895425797,1341397,1500,894.2646666666667
