episode,acc_reward,length,cost,res_wasted
1,239.55756090581417,786,343390.4069974557,0.0
