time,episodes,avg_length,avg_reward,avg_cost,avg_res_wasted
28.94365692138672,1,786.0,239.55756090581417,343390.4069974557,0.0
