Episode,Accumulative Reward,Length,Avg Cost,Avg Renewables Wasted
1,719.1281970739365,955,467185.7891099479,0.0
2,61.545036256313324,81,405886.0007407407,0.0
