time,episodes,avg_length,avg_reward,avg_cost,avg_res_waste
66.796142578125,2,518.0,390.3366166651249,436535.89492534427,0.0
