episode,acc_reward,length,cost,res_wasted
1,170.94880862534046,595,341011.78937815153,0.0
