time,episodes,avg_length,avg_reward,avg_cost,avg_res_wasted
28.11652445793152,1,595.0,170.94880862534046,341011.78937815153,0.0
