Time Elapsed,Num Steps,Num Episodes,Avg Steps per Episode
6065.91317653656,224927,750,298.56933333333336
