time,episodes,avg_length,avg_reward,avg_cost,avg_res_wasted
5224.724689483643,3000,375.652,105.0833579669396,541019.1651979288,3203.8942931921447
