episode,acc_reward,length,cost,res_wasted
1,280.2841879427433,782,314433.46398977033,0.0
