time,episodes,avg_length,avg_reward,avg_cost,avg_res_wasted
32.3707389831543,1,782.0,280.2841879427433,314433.46398977033,0.0
