episode,acc_reward,length,cost,res_wasted
1,268.3176271468401,786,318206.9239185749,0.0
