time,episodes,avg_length,avg_reward,avg_cost,avg_res_waste
36.538899421691895,1,786.0,268.3176271468401,318206.9239185749,0.0
