episode,acc_reward,length,cost,res_wasted
1,273.1559392809868,782,319706.34409207164,0.0
