time,episodes,avg_length,avg_reward,avg_cost,avg_res_wasted
35.68397760391235,1,782.0,273.1559392809868,319706.34409207164,0.0
