time,episodes,avg_length,avg_reward,avg_cost,avg_res_waste
28.410300731658936,1,786.0,263.3100301474333,312463.59396946547,0.0
