time,episodes,avg_length,avg_reward,avg_cost,avg_res_wasted
31619.40087866783,10000,372.7811,100.9169896360159,537702.027610184,0.0
