time,episodes,avg_length,avg_reward,avg_cost,avg_res_wasted
15391.034302711487,5000,360.9688,92.54638978646099,547439.3014768105,2910.348769520504
