time,episodes,avg_length,avg_reward,avg_cost,avg_res_wasted
43047.34997057915,3000,400.835,139.5779695824633,531885.2137111418,3248.5914071629245
