episode,acc_reward,length,cost,res_wasted
1,279.576092839241,782,317827.7088491049,0.0
