time,episodes,avg_length,avg_reward,avg_cost,avg_res_wasted
35.454200744628906,1,782.0,279.576092839241,317827.7088491049,0.0
