time,episodes,avg_length,avg_reward,avg_cost,avg_res_wasted
21295.67298078537,5000,479.5164,121.2598911313057,532672.4242987493,2889.9803133784517
