episode,acc_reward,length,cost,res_wasted
1,263.32714983820915,782,322672.202455243,0.0
