time,episodes,avg_length,avg_reward,avg_cost,avg_res_wasted
32.169583320617676,1,782.0,263.32714983820915,322672.202455243,0.0
