time,episodes,avg_length,avg_reward,avg_cost,avg_res_wasted
22694.290006160736,5000,593.989,271.03648361440895,527519.6991644263,0.0
