episode,acc_reward,length,cost,res_wasted
1,279.5864015966654,782,312191.51601023,0.0
