time,episodes,avg_length,avg_reward,avg_cost,avg_res_wasted
38.79480195045471,1,782.0,279.5864015966654,312191.51601023,0.0
