time,episodes,avg_length,avg_reward,avg_cost,avg_res_wasted
3788.3249385356903,3000,128.40733333333333,57.7639214583536,522586.18457538367,1157.9821864426722
