Time Elapsed,Num Steps,Num Episodes,Avg Steps per Episode
5162.0711715221405,190292,750,252.38933333333333
