time,episodes,avg_length,avg_reward,avg_cost,avg_res_wasted
39166.643876075745,3000,361.93,140.39553176259002,526517.9412125488,3444.296718835817
