time,episodes,avg_length,avg_reward,avg_cost,avg_res_wasted
10359.767387151718,3000,419.999,118.55433424865205,548780.429636583,3063.0429979196483
