time,episodes,avg_length,avg_reward,avg_cost,avg_res_wasted
4100.4105751514435,3000,132.44333333333333,63.49498412471513,537740.3036694431,1328.2496584571961
