episode,acc_reward,length,cost,res_wasted
1,276.3616903871298,790,311355.3672911391,0.0
