time,episodes,avg_length,avg_reward,avg_cost,avg_res_wasted
33.020200967788696,1,790.0,276.3616903871298,311355.3672911391,0.0
