time,episodes,avg_length,avg_reward,avg_cost,avg_res_wasted
11387.179074048996,3000,321.8573333333333,103.48322815646232,560175.2352197843,6868.3575561949165
