episode,acc_reward,length,cost,res_wasted
1,249.2607047855854,782,338626.56603580597,0.0
