time,episodes,avg_length,avg_reward,avg_cost,avg_res_wasted
34.41801309585571,1,782.0,249.2607047855854,338626.56603580597,0.0
