time,episodes,avg_length,avg_reward,avg_cost,avg_res_wasted
4848.8964676856995,3000,163.816,65.84442097040018,521299.869213848,1446.8398248191274
