time,episodes,avg_length,avg_reward,avg_cost,avg_res_waste
40.16535806655884,1,782.0,253.9375746101141,330607.61649616394,0.0
