episode,acc_reward,length,cost,res_wasted
1,255.8070833683014,793,320991.1986380833,0.0
