time,episodes,avg_length,avg_reward,avg_cost,avg_res_wasted
30.85511612892151,1,793.0,255.8070833683014,320991.1986380833,0.0
