episode,acc_reward,length,cost,res_wasted
1,242.12186317145824,782,330348.6501023022,0.0
