time,episodes,avg_length,avg_reward,avg_cost,avg_res_wasted
38.336302518844604,1,782.0,242.12186317145824,330348.6501023022,0.0
