Time Elapsed,Num Steps,Num Episodes,Avg Steps per Episode
22480.55323433876,1386095,1500,924.0633333333334
