time,episodes,avg_length,avg_reward,avg_cost,avg_res_wasted
21827.952434062958,3000,338.347,118.45570304812988,549670.0270080896,2900.2636610494988
