episode,acc_reward,length,cost,res_wasted
1,271.8502053171396,782,313873.44774936046,0.0
