time,episodes,avg_length,avg_reward,avg_cost,avg_res_wasted
33.16215920448303,1,782.0,271.8502053171396,313873.44774936046,0.0
