episode,acc_reward,length,cost,res_wasted
1,281.85433952510357,790,315532.401822785,0.0
