time,episodes,avg_length,avg_reward,avg_cost,avg_res_wasted
38.10084342956543,1,790.0,281.85433952510357,315532.401822785,0.0
