time,episodes,avg_length,avg_reward,avg_cost,avg_res_wasted
3382.3742723464966,3000,114.204,51.78669589009881,540138.9865517667,1301.3257425484826
