episode,acc_reward,length,cost,res_wasted
1,279.166017472744,782,312547.5826854219,0.0
