time,episodes,avg_length,avg_reward,avg_cost,avg_res_wasted
42.20194101333618,1,782.0,279.166017472744,312547.5826854219,0.0
