time,episodes,avg_length,avg_reward,avg_cost,avg_res_wasted
12324.096281290054,3000,500.839,146.33982527712485,559227.0981131904,3119.1859569190965
