time,episodes,avg_length,avg_reward,avg_cost,avg_res_wasted
10876.124548435211,3000,294.82933333333335,166.54823984316488,533620.8629963232,3409.446870063088
