avg_reward,avg_length,avg_cost,avg_res_wasted,time,episodes,total_steps
90.36170842931867,318.4784,2447019.5875826944,1963.3019949182826,33518.78077149391,10000,3185784
