avg_reward,avg_length,avg_cost,avg_res_wasted,time,total_steps,episodes
90.36170842931867,318.4784,2447019.5875826944,1963.3019949182826,53335.05238842964,3185784,10000
