time,episodes,avg_length,avg_reward,avg_cost,avg_res_wasted
10344.990546703339,5000,261.4844,99.38378314513267,538294.8876163145,1714.352666837357
