avg_reward,avg_length,avg_cost,avg_res_wasted,time,total_steps,episodes
147.91551155051962,387.8229,560360.0765288881,7621.744835960409,66663.32257080078,3879229,10000
