avg_reward,avg_length,avg_cost,avg_res_wasted,time,episodes,total_steps
181.72201560895144,472.0782857142857,567358.5467580981,8289.145797264915,32844.73155045509,7000,3305548
