avg_reward,avg_length,avg_cost,avg_res_wasted,time,episodes,total_steps
152.32151349809766,430.65757142857143,544492.666135881,3467.4821337680105,29984.39942932129,7000,3015603
