avg_reward,avg_length,avg_cost,avg_res_wasted,time,total_steps,episodes
177.00718438174053,483.9838,549555.1589917407,4479.848462625392,82932.50013566017,4840838,10000
