time,episodes,avg_length,avg_reward,avg_cost,avg_res_wasted
36.135464906692505,1,782.0,273.0770405679941,314531.84365728934,0.0
