Time Elapsed,Num Steps,Num Episodes,Avg Steps per Episode
5860.441346406937,214050,750,284.06666666666666
