time,episodes,avg_length,avg_reward,avg_cost,avg_res_wasted
4370.107405900955,3000,147.04733333333334,62.99446907619635,541909.6619180279,1306.7925553241503
