time,episodes,avg_length,avg_reward,avg_cost,avg_res_wasted
11578.448252439499,3000,470.5056666666667,139.88485847878704,550654.4532844045,3108.535637954439
