Episode,Accumulative Reward,Length,Avg Cost,Avg Renewables Wasted
1,-1.0,1,478482.76,0.0
2,13.495255827903748,21,494660.85714285704,3302.802664620536
