time,episodes,avg_length,avg_reward,avg_cost,avg_res_wasted
15990.894418239594,5000,374.2294,112.05086359153091,532111.4707018588,2628.912838809862
