time,episodes,avg_length,avg_reward,avg_cost,avg_res_wasted
4701.00981092453,3000,157.01066666666668,84.68721544554829,520303.8645745609,1135.6354644815601
