episode,acc_reward,length,cost,res_wasted
1,255.7561106979847,786,332490.55862595455,0.0
