time,episodes,avg_length,avg_reward,avg_cost,avg_res_wasted
32.8227379322052,1,786.0,255.7561106979847,332490.55862595455,0.0
