episode,acc_reward,length,cost,res_wasted
1,260.7778715491295,782,321730.23595907935,0.0
