time,episodes,avg_length,avg_reward,avg_cost,avg_res_wasted
35.83561897277832,1,782.0,260.7778715491295,321730.23595907935,0.0
