time,episodes,avg_length,avg_reward,avg_cost,avg_res_wasted
29918.6950070858,10000,366.315,33.87963530498445,538500.7008837204,2511.27379701242
