avg_reward,avg_length,avg_cost,avg_res_wasted,time,total_steps,episodes
118.14025612806678,403.1954,540745.5857395397,2769.5351596421656,35247.35325407982,2016977,5000
