time,episodes,avg_length,avg_reward,avg_cost,avg_res_wasted
14956.345471382141,5000,309.0068,134.41359759580195,541473.016150258,2888.843213415269
