episode,acc_reward,length,cost,res_wasted
1,279.39547495543957,782,312517.38680306886,0.0
