time,episodes,avg_length,avg_reward,avg_cost,avg_res_wasted
30.46669363975525,1,782.0,279.39547495543957,312517.38680306886,0.0
