Episode,Accumulative Reward,Length,Avg Cost,Avg Renewables Wasted
1,7.784048974514008,12,375689.9733333334,427.6551818847656
2,69.00081956386566,89,373069.0723595505,99.71855523613061
