episode,acc_reward,length,cost,res_wasted
1,263.38321055471897,782,321313.97209718666,0.0
