time,episodes,avg_length,avg_reward,avg_cost,avg_res_wasted
30.654106855392456,1,782.0,263.38321055471897,321313.97209718666,0.0
