time,episodes,avg_length,avg_reward,avg_cost,avg_res_wasted
40903.046976566315,10000,383.5663,107.51203218999952,543213.7464882568,3565.0078458912753
