time,episodes,avg_length,avg_reward,avg_cost,avg_res_wasted
3862.8987488746643,3000,124.154,62.11692961875101,520440.50318245095,1376.9790435732127
