time,episodes,avg_length,avg_reward,avg_cost,avg_res_wasted
11028.63242983818,5000,248.8402,93.71447527165115,532094.5353434335,2207.4872320420973
