Episode,Accumulative Reward,Length,Avg Cost,Avg Renewables Wasted
1,351.5517039299011,498,480863.4598393573,0.0
2,316.863671541214,416,433982.37365384586,0.0
