time,episodes,avg_length,avg_reward,avg_cost,avg_res_wasted
35056.605087041855,10000,413.2054,105.63416191978902,548519.6021614008,3248.3736034332005
