Time Elapsed,Num Steps,Num Episodes,Avg Steps per Episode
4798.165278434753,175659,750,232.87866666666667
