avg_reward,avg_length,avg_cost,avg_res_wasted,time,episodes,total_steps
160.56611554623098,417.0907,548691.9034705173,4337.7833125837815,41652.32085585594,10000,4171907
