avg_reward,avg_length,avg_cost,avg_res_wasted,time,total_steps,episodes
159.08278654646872,427.8971,543037.4710779575,3439.9896887687646,111980.2483496666,4279971,10000
