episode,acc_reward,length,cost,res_wasted
1,272.28960514068604,793,322357.4417402268,0.0
