time,episodes,avg_length,avg_reward,avg_cost,avg_res_wasted
35.48615860939026,1,793.0,272.28960514068604,322357.4417402268,0.0
