time,episodes,avg_length,avg_reward,avg_cost,avg_res_waste
7023.213730573654,1500,161.37266666666667,67.49220879062017,530916.0921145955,1402.5526183612924
