Time Elapsed,Num Steps,Num Episodes,Avg Steps per Episode
4926.158283472061,177771,750,235.69466666666668
