time,episodes,avg_length,avg_reward,avg_cost,avg_res_wasted
8784.271475791931,3000,338.2146666666667,117.26335858153304,544226.9870286948,2966.9997600205434
