episode,acc_reward,length,cost,res_wasted
1,32.34067624807358,51,594094.6431372548,0.0
