avg_reward,avg_length,avg_cost,avg_res_wasted,time,total_steps,episodes
32.34067624807358,51.0,594094.6431372548,0.0,18.342095375061035,1051,1
