time,episodes,avg_length,avg_reward,avg_cost,avg_res_wasted
50197.76658034325,5000,493.4342,212.42584682641626,522292.3520941061,0.0
