time,episodes,avg_length,avg_reward,avg_cost,avg_res_wasted
10192.261550188065,3000,413.608,122.16290972251197,546849.5023965273,2649.396738653853
