avg_reward,avg_length,avg_cost,avg_res_wasted,time,total_steps,episodes
142.3293598846212,318.34,540494.5155092253,3053.783871846469,62440.52305960655,1592700,5000
