Time Elapsed,Num Steps,Num Episodes,Avg Steps per Episode
228.7912073135376,10000,70,4763.914285714286
