Time Elapsed,Num Steps,Num Episodes,Avg Steps per Episode
273.9216799736023,10000,60,160.26666666666668
