Time Elapsed,Num Steps,Num Episodes,Avg Steps per Episode
1711.1033718585968,75000,227,329.8590308370044
