time,episodes,avg_length,avg_reward,avg_cost,avg_res_wasted
11676.272642612457,3000,493.755,147.0110690240711,525551.1290587792,3191.6515583723412
