time,episodes,avg_length,avg_reward,avg_cost,avg_res_waste
34.79533314704895,1,786.0,285.4081802070141,312155.97849872796,0.0
