episode,acc_reward,length,cost,res_wasted
1,264.7479798644781,786,320841.57898218813,0.0
