time,episodes,avg_length,avg_reward,avg_cost,avg_res_wasted
37.03736329078674,1,786.0,264.7479798644781,320841.57898218813,0.0
