time,episodes,avg_length,avg_reward,avg_cost,avg_res_wasted
7727.682435512543,3000,297.16066666666666,103.21994478334487,544911.680788631,3116.502260130854
