episode,acc_reward,length,cost,res_wasted
1,261.76085563004017,782,327162.62345268554,0.0
