time,episodes,avg_length,avg_reward,avg_cost,avg_res_wasted
36.411269426345825,1,782.0,261.76085563004017,327162.62345268554,0.0
