episode,acc_reward,length,cost,res_wasted
1,282.0684352517128,786,308255.60241730267,0.0
