time,episodes,avg_length,avg_reward,avg_cost,avg_res_wasted
36.024415016174316,1,786.0,282.0684352517128,308255.60241730267,0.0
