episode,acc_reward,length,cost,res_wasted
1,258.0558153837919,790,310440.97475949395,0.0
