time,episodes,avg_length,avg_reward,avg_cost,avg_res_wasted
26.841710567474365,1,790.0,258.0558153837919,310440.97475949395,0.0
