episode,acc_reward,length,cost,res_wasted
1,274.2910348623991,793,313147.4682219416,0.0
