time,episodes,avg_length,avg_reward,avg_cost,avg_res_wasted
28.23958396911621,1,793.0,274.2910348623991,313147.4682219416,0.0
