time,episodes,avg_length,avg_reward,avg_cost,avg_res_wasted
31415.00478363037,10000,262.5548,106.28122455029488,539052.2901701959,2926.1819709144984
