episode,acc_reward,length,cost,res_wasted
1,268.9470296353102,782,312364.9771611254,0.0
