time,episodes,avg_length,avg_reward,avg_cost,avg_res_waste
44.19324207305908,1,782.0,268.9470296353102,312364.9771611254,0.0
