episode,acc_reward,length,cost,res_wasted
1,255.99963185191154,782,313554.6872634271,0.0
