time,episodes,avg_length,avg_reward,avg_cost,avg_res_wasted
25.61887001991272,1,782.0,255.99963185191154,313554.6872634271,0.0
