episode,acc_reward,length,cost,res_wasted
1,275.6290734410286,786,308231.03694656503,0.0
