time,episodes,avg_length,avg_reward,avg_cost,avg_res_wasted
30.474650621414185,1,786.0,275.6290734410286,308231.03694656503,0.0
