avg_reward,avg_length,avg_cost,avg_res_wasted,time,total_steps,episodes
194.71034537077546,462.486,530774.7650717205,2834.4968637770207,56845.20415306091,2313430,5000
