Episode,Accumulative Reward,Length,Avg Cost,Avg Renewables Wasted
1,-1.0,1,478482.76,0.0
2,82.10739159584045,105,370186.18685714307,0.0
