time,episodes,avg_length,avg_reward,avg_cost,avg_res_wasted
33011.21077919006,10000,318.4784,90.36170842931867,2447019.5875826944,1963.3019949182826
