time,episodes,avg_length,avg_reward,avg_cost,avg_res_wasted
4990.751504182816,3000,186.46766666666667,76.65535375934839,543234.5842560832,2579.7872294927615
