avg_reward,avg_length,avg_cost,avg_res_wasted,time,total_steps,episodes
142.481203198421,380.5782,533710.5662059278,2494.7196285774726,32585.29217338562,1903891,5000
