time,episodes,avg_length,avg_reward,avg_cost,avg_res_wasted
8773.567315340042,3000,339.56233333333336,92.17665051349005,543731.7222175128,2924.7890602466236
