Time Elapsed,Num Steps,Num Episodes,Avg Steps per Episode
6566.173830032349,244869,750,325.15866666666665
