Episode,Accumulative Reward,Length,Avg Cost,Avg Renewables Wasted
1,1104.7667602300644,1712,484281.082920561,0.0
2,447.1810004711151,600,448031.2856666662,549.9390765380859
