time,episodes,avg_length,avg_reward,avg_cost,avg_res_waste
95.5454409122467,2,1156.0,775.9738803505898,466156.18429361365,274.96953826904297
