Episode,Accumulative Reward,Length,Avg Cost,Avg Renewables Wasted
1,440.5893896818161,662,564627.2534743204,20655.796345347724
2,899.2870876193047,1339,561580.0273338312,17717.121826505198
3,91.48438215255737,120,392294.7128333332,12477.007174873352
