episode,acc_reward,length,cost,res_wasted
1,111.95161658525467,303,307537.14679867966,0.0
