time,episodes,avg_length,avg_reward,avg_cost,avg_res_wasted
18.946827173233032,1,303.0,111.95161658525467,307537.14679867966,0.0
