avg_reward,avg_length,avg_cost,avg_res_wasted,time,total_steps,episodes
56.46093406103849,183.741,2586769.7834904115,1276.5238036118556,40992.75445485115,1838410,10000
