avg_reward,avg_length,avg_cost,avg_res_wasted,time,episodes,total_steps
49.715984547129274,151.8232,2658037.710076339,866.7367766878087,23466.123915195465,10000,1519232
