avg_reward,avg_length,avg_cost,avg_res_wasted,time,total_steps,episodes
151.99823933296798,423.7414,532126.371113622,3328.925128146469,36109.60191369057,2119707,5000
