time,episodes,avg_length,avg_reward,avg_cost,avg_res_wasted
32622.34646654129,10000,212.7534,83.25989212992117,550874.8203974704,12232.187011844502
