time,episodes,avg_length,avg_reward,avg_cost,avg_res_wasted
7084.122223854065,3000,253.241,92.67999531231324,533972.1979677235,2509.549726138912
