Episode,Accumulative Reward,Length,Avg Cost,Avg Renewables Wasted
1,179.22719198465347,262,554729.5908396951,19783.01828984996
2,84.84439396858215,113,412005.61911504425,11283.192949717024
3,300.6900240778923,410,461107.33858536626,17353.886208762193
