time,episodes,avg_length,avg_reward,avg_cost,avg_res_wasted
3370.1295158863068,3000,122.747,58.68621832581361,526365.9972094592,1430.5195018060735
