time,episodes,avg_length,avg_reward,avg_cost,avg_res_wasted
20054.87849855423,5000,403.3544,164.432127981776,539095.0393557663,2710.5856853404307
