Episode,Accumulative Reward,Length,Avg Cost,Avg Renewables Wasted
1,444.91422337293625,662,566835.5552265865,20675.650855453354
2,892.6033018231392,1339,558947.9929200901,17758.856008259372
3,91.44949805736542,120,392172.62916666677,12414.779677391052
