Episode,Accumulative Reward,Length,Avg Cost,Avg Renewables Wasted
1,430.64804124832153,662,567494.4309365558,20745.04069458538
2,1000.546285033226,1573,563127.651862683,17126.79588384895
3,487.17679738998413,697,497909.4520516494,16651.099592096667
