time,episodes,avg_length,avg_reward,avg_cost,avg_res_wasted
9327.706082820892,3000,385.126,103.4294396690776,538605.1356637283,3303.8865549640836
