episode,acc_reward,length,cost,res_wasted
1,270.70929028093815,786,317067.8985496185,0.0
