time,episodes,avg_length,avg_reward,avg_cost,avg_res_waste
38.589828968048096,1,786.0,270.70929028093815,317067.8985496185,0.0
