time,episodes,avg_length,avg_reward,avg_cost,avg_res_wasted
18490.711926937103,5000,452.5432,123.7676928015262,537171.4706888548,2675.7824912701844
