time,episodes,avg_length,avg_reward,avg_cost,avg_res_wasted
7986.383714914322,3000,308.2663333333333,104.02022306534649,531295.5943094919,2953.4184791211815
