episode,acc_reward,length,cost,res_wasted
1,273.3434321731329,782,310481.3845524295,0.0
