time,episodes,avg_length,avg_reward,avg_cost,avg_res_wasted
35.14067769050598,1,782.0,273.3434321731329,310481.3845524295,0.0
