episode,acc_reward,length,cost,res_wasted
1,265.940747320652,782,320388.756061381,0.0
