time,episodes,avg_length,avg_reward,avg_cost,avg_res_wasted
24.9516658782959,1,782.0,265.940747320652,320388.756061381,0.0
