episode,acc_reward,length,cost,res_wasted
1,67.80659174919128,90,405322.5319999999,0.0
