time,episodes,avg_length,avg_reward,avg_cost,avg_res_wasted
5.508649587631226,1,90.0,67.80659174919128,405322.5319999999,0.0
