time,episodes,avg_length,avg_reward,avg_cost,avg_res_wasted
13827.053901910782,3000,534.7943333333334,126.42021066015462,547946.4902373363,3379.5436125735046
