time,episodes,avg_length,avg_reward,avg_cost,avg_res_wasted
8439.587527990341,3000,326.321,107.08067318702241,556077.5966327495,3156.5486358801777
