time,episodes,avg_length,avg_reward,avg_cost,avg_res_wasted
48623.87856674194,10000,470.5964,18.067897456020116,2480013.14578224,1738.9266703448202
