time,episodes,avg_length,avg_reward,avg_cost,avg_res_wasted
11325.16781282425,3000,309.981,97.38833196500441,560729.3076410665,5923.115836109529
