time,episodes,avg_length,avg_reward,avg_cost,avg_res_wasted
5267.010949611664,3000,190.53133333333332,65.45380654581885,518630.8834637141,1370.246519731776
