episode,acc_reward,length,cost,res_wasted
1,269.6065481752157,786,310622.01618320594,0.0
