time,episodes,avg_length,avg_reward,avg_cost,avg_res_wasted
33.85985326766968,1,786.0,269.6065481752157,310622.01618320594,0.0
