episode,acc_reward,length,cost,res_wasted
1,281.17909766733646,786,308728.7389058524,0.0
