time,episodes,avg_length,avg_reward,avg_cost,avg_res_wasted
34.04875588417053,1,786.0,281.17909766733646,308728.7389058524,0.0
