time,episodes,avg_length,avg_reward,avg_cost,avg_res_wasted
19769.617102622986,5000,427.9438,128.9042483163923,542469.4138027502,3063.272283986178
