time,episodes,avg_length,avg_reward,avg_cost,avg_res_wasted
45798.60387825966,3000,414.61133333333333,35.52707942630351,542472.2065461506,3434.3839606038164
