Episode,Accumulative Reward,Length,Avg Cost,Avg Renewables Wasted
1,1101.7596538066864,1712,483789.83831775706,0.0
2,447.507681787014,600,447232.8630666666,549.8895538330078
