time,episodes,avg_length,avg_reward,avg_cost,avg_res_waste
95.53288197517395,2,1156.0,774.6336677968502,465511.3506922118,274.9447769165039
