Time Elapsed,Num Steps,Num Episodes,Avg Steps per Episode
5262.435241699219,189123,750,250.83066666666667
