time,episodes,avg_length,avg_reward,avg_cost,avg_res_wasted
8897.584497213364,3000,343.3593333333333,104.71041391633452,543941.3936940188,2827.0039007453806
