time,episodes,avg_length,avg_reward,avg_cost,avg_res_waste
21474.401556253433,5000,174.6446,65.2072028750658,531021.8290755663,1678.6182370364581
