time,episodes,avg_length,avg_reward,avg_cost,avg_res_wasted
35609.340307712555,5000,888.5438,33.8596916470468,565347.0635199862,3864.1521226923032
