time,episodes,avg_length,avg_reward,avg_cost,avg_res_wasted
42604.17369842529,10000,359.2395,29.749455341023207,554288.2438771037,4887.171105045905
