time,episodes,avg_length,avg_reward,avg_cost,avg_res_wasted
32100.230380296707,10000,393.9839,28.40438745120466,548034.2621090374,4353.052546655619
