time,episodes,avg_length,avg_reward,avg_cost,avg_res_wasted
4649.973004102707,3000,150.04433333333333,66.58201278392474,523311.38974006794,1516.3112460304812
