time,episodes,avg_length,avg_reward,avg_cost,avg_res_wasted
19976.279787540436,5000,449.454,122.32658972941488,544710.7647471485,3209.8711732235106
