episode,acc_reward,length,cost,res_wasted
1,274.53770466148853,786,313245.1093638677,0.0
