time,episodes,avg_length,avg_reward,avg_cost,avg_res_wasted
28.38812804222107,1,786.0,274.53770466148853,313245.1093638677,0.0
