avg_reward,avg_length,avg_cost,avg_res_wasted,time,total_steps,episodes
15.807365014788509,25.9531,626066.3233359567,6812.326254461782,5454.416153669357,260531,10000
