time,episodes,avg_length,avg_reward,avg_cost,avg_res_wasted
3903.049157142639,3000,144.27233333333334,64.20172557794055,523235.3465850823,1347.3221889314927
