episode,acc_reward,length,cost,res_wasted
1,249.06931529939175,782,335298.87189258286,0.0
