time,episodes,avg_length,avg_reward,avg_cost,avg_res_wasted
38.32356357574463,1,782.0,249.06931529939175,335298.87189258286,0.0
