episode,acc_reward,length,cost,res_wasted
1,279.5770772844553,793,316313.436368222,0.0
