time,episodes,avg_length,avg_reward,avg_cost,avg_res_waste
37.83276700973511,1,793.0,279.5770772844553,316313.436368222,0.0
