time,episodes,avg_length,avg_reward,avg_cost,avg_res_wasted
11105.790377378464,3000,303.405,105.70570705519617,565706.5699218143,8378.193586137206
