avg_reward,avg_length,avg_cost,avg_res_wasted,time,total_steps,episodes
176.8005478931129,463.9904,530046.200358149,2894.1984008895697,39893.172412633896,2320952,5000
