time,episodes,avg_length,avg_reward,avg_cost,avg_res_wasted
21465.12567782402,10000,250.5511,86.14632914847583,523785.6124266754,0.0
