Time Elapsed,Num Steps,Num Episodes,Avg Steps per Episode
22610.99868297577,1500000,2531,592.2469379691821
