episode,acc_reward,length,cost,res_wasted
1,247.48122721910477,786,336760.29127226456,0.0
