time,episodes,avg_length,avg_reward,avg_cost,avg_res_wasted
30.81901240348816,1,786.0,247.48122721910477,336760.29127226456,0.0
