time,episodes,avg_length,avg_reward,avg_cost,avg_res_wasted
8334.625115394592,3000,323.4273333333333,112.18565591360628,542503.9609985388,2783.4867688444565
