episode,acc_reward,length,cost,res_wasted
1,279.75656904280186,782,311539.29000000056,0.0
