time,episodes,avg_length,avg_reward,avg_cost,avg_res_wasted
26.48667049407959,1,782.0,279.75656904280186,311539.29000000056,0.0
