time,episodes,avg_length,avg_reward,avg_cost,avg_res_wasted
37260.2051153183,10000,434.6627,104.63011863938942,545661.1770227773,3545.048904270731
