Time Elapsed,Num Steps,Num Episodes,Avg Steps per Episode
490.7025604248047,12884,750,15.845333333333333
