avg_reward,avg_length,avg_cost,avg_res_wasted,time,total_steps,episodes
144.3971680123478,366.946,537609.0885261326,2470.494618760077,47493.47280693054,1835730,5000
