time,episodes,avg_length,avg_reward,avg_cost,avg_res_wasted
43030.03291845322,10000,362.9533,87.38763792659938,539379.6587146021,2558.6829379955298
