time,episodes,avg_length,avg_reward,avg_cost,avg_res_wasted
7137.073728561401,3000,273.5493333333333,111.36430255725483,543482.5518329841,2255.2879694307085
