time,episodes,avg_length,avg_reward,avg_cost,avg_res_wasted
7024.803470849991,3000,268.9836666666667,97.8351529219697,536888.005875566,2795.356060590387
