time,episodes,avg_length,avg_reward,avg_cost,avg_res_wasted
3916.650678396225,3000,135.57733333333334,57.26569851732254,534900.4701802527,1286.8531092493843
