time,episodes,avg_length,avg_reward,avg_cost,avg_res_wasted
94254.2372186184,10000,901.5792,393.6732580950737,560495.3668878214,3497.7236164797137
