time,episodes,avg_length,avg_reward,avg_cost,avg_res_wasted
3971.6829042434692,3000,134.938,69.84283216361702,520189.5532596157,1014.70427467558
