time,episodes,avg_length,avg_reward,avg_cost,avg_res_wasted
10475.309617519379,3000,426.522,117.13185486454765,549301.5770985481,2946.7008902764487
