episode,acc_reward,length,cost,res_wasted
1,291.5672435313463,782,308696.6596675193,0.0
