time,episodes,avg_length,avg_reward,avg_cost,avg_res_wasted
33.60161542892456,1,782.0,291.5672435313463,308696.6596675193,0.0
