Episode,Accumulative Reward,Length,Avg Cost,Avg Renewables Wasted
1,442.66782799363136,662,568331.8854984895,20583.950139887023
2,891.5917170643806,1339,556474.5677819268,17777.69062005699
3,91.67674070596695,120,392120.0395000001,12457.819751358033
