time,episodes,avg_length,avg_reward,avg_cost,avg_res_wasted
11487.86359333992,3000,465.313,130.3159952811748,559799.7706668149,3007.6322409101103
