time,episodes,avg_length,avg_reward,avg_cost,avg_res_wasted
5687.29910826683,3000,215.012,75.7872669484069,548468.3101323724,2831.526458295934
