episode,acc_reward,length,cost,res_wasted
1,277.56422221660614,782,313215.4041432226,0.0
