time,episodes,avg_length,avg_reward,avg_cost,avg_res_wasted
32.69108724594116,1,782.0,277.56422221660614,313215.4041432226,0.0
