episode,acc_reward,length,cost,res_wasted
1,274.2935758382082,782,315603.53020460386,0.0
