time,episodes,avg_length,avg_reward,avg_cost,avg_res_wasted
30.269611597061157,1,782.0,274.2935758382082,315603.53020460386,0.0
