episode,acc_reward,length,cost,res_wasted
1,282.1501081585884,786,308308.9486259542,0.0
