time,episodes,avg_length,avg_reward,avg_cost,avg_res_wasted
40.77842998504639,1,786.0,282.1501081585884,308308.9486259542,0.0
