time,episodes,avg_length,avg_reward,avg_cost,avg_res_wasted
19288.22977757454,5000,472.3618,125.39868205244541,537760.185818778,2734.4066868101263
