Episode,Accumulative Reward,Length,Avg Cost,Avg Renewables Wasted
1,440.16550436615944,662,566121.8976435044,20690.725661522672
2,897.241044819355,1339,559034.9163106797,17780.405761912833
3,91.68127799034119,120,392402.5478333334,12472.30784854889
