Time Elapsed,Num Steps,Num Episodes,Avg Steps per Episode
5207.778891801834,189762,750,251.68266666666668
