time,episodes,avg_length,avg_reward,avg_cost,avg_res_wasted
5907.754021883011,3000,222.04966666666667,93.4829678675582,555410.812374597,2397.47637275822
